phase,strategy,joint_name,split_kind,split_id,seed,scaler,optimizer,learning_rate,batch_size,weight_decay,epochs,train_size,val_size,threshold_selected,train_mse,val_mse,train_auc_pr,val_auc_pr,train_precision,train_recall,train_f1,val_precision,val_recall,val_f1,generalization_gap_auc_pr,generalization_gap_f1,generalization_gap_mse,stopped_at
strategy,S1,,holdout,0,42,z-score,adam,0.0005,30,0.0,500,5421,955,0.8903561101560236,0.005321027322696069,0.006041203676661282,0.950944084592093,0.9554203651970927,0.8737864077669902,0.8585055643879174,0.8660785886126704,0.9150943396226415,0.8818181818181818,0.8981481481481483,-0.004476280604999716,-0.032069559535477854,0.0007201763539652125,500
strategy,S2,,repeated_holdout,0,42,z-score,adam,0.0005,30,0.0,500,5421,955,0.8903561101560236,0.005321027322696069,0.006041203676661282,0.950944084592093,0.9554203651970927,0.8737864077669902,0.8585055643879174,0.8660785886126704,0.9150943396226415,0.8818181818181818,0.8981481481481483,-0.004476280604999716,-0.032069559535477854,0.0007201763539652125,500
strategy,S2,,repeated_holdout,1,42,z-score,adam,0.0005,30,0.0,500,5421,955,0.890631529293991,0.005400747641419759,0.005575886953597368,0.947967409113832,0.9670767327581393,0.8760195758564437,0.8537360890302067,0.8647342995169082,0.9339622641509434,0.9,0.9166666666666666,-0.019109323644307286,-0.05193236714975846,0.0001751393121776088,500
strategy,S2,,repeated_holdout,2,42,z-score,adam,0.0005,30,0.0,500,5421,955,0.8170213062555881,0.005479131913352986,0.00513411979377101,0.9553307285859028,0.9216360094636403,0.7680412371134021,0.9475357710651828,0.8483985765124555,0.7874015748031497,0.9090909090909091,0.8438818565400844,0.03369471912226252,0.00451671997237113,-0.00034501211958197584,500
strategy,S2,,repeated_holdout,3,42,z-score,adam,0.0005,30,0.0,500,5421,955,0.9032588560670614,0.0054383466802291084,0.005384375447714872,0.9505263886605069,0.9532776499760145,0.8866328257191202,0.8330683624801272,0.8590163934426229,0.9393939393939394,0.8454545454545455,0.8899521531100478,-0.002751261315507625,-0.0309357596674249,-5.3971232514236044e-05,500
strategy,S2,,repeated_holdout,4,42,z-score,adam,0.0005,30,0.0,500,5421,955,0.9168045411711158,0.005544422639276419,0.004765309697891108,0.9504454129345595,0.9577303556328385,0.9039145907473309,0.8076311605723371,0.8530646515533166,0.94,0.8545454545454545,0.8952380952380952,-0.007284942698278951,-0.0421734436847786,-0.0007791129413853111,500
strategy,S3,,cv_fold,0,42,z-score,adam,0.0005,30,0.0,500,5100,1276,0.8802950335225752,0.005363006262152954,0.0057014006183229255,0.9509492559186833,0.956080736023397,0.8561872909698997,0.8663282571912013,0.8612279226240538,0.8993288590604027,0.9054054054054054,0.9023569023569022,-0.005131480104713759,-0.04112897973284846,0.00033839435616997166,500
strategy,S3,,cv_fold,1,42,z-score,adam,0.0005,30,0.0,500,5100,1276,0.8871651356622378,0.005330886008796272,0.005825973288868957,0.9512028315325289,0.9503544253049593,0.8689075630252101,0.8747884940778342,0.8718381112984822,0.900709219858156,0.8581081081081081,0.8788927335640139,0.0008484062275696536,-0.007054622265531663,0.0004950872800726855,500
strategy,S3,,cv_fold,2,42,z-score,adam,0.0005,30,0.0,500,5101,1275,0.9347536543173034,0.005532764529558163,0.0050064687943000355,0.9496187805156755,0.954058679433882,0.9272727272727272,0.7766497461928934,0.8453038674033149,0.96,0.8108108108108109,0.8791208791208791,-0.0044398989182065085,-0.03381701171756424,-0.0005262957352581274,500
strategy,S3,,cv_fold,3,42,z-score,adam,0.0005,30,0.0,500,5101,1275,0.8929900886971138,0.005504892711683262,0.005117291676935117,0.9523967128879814,0.9447167007877091,0.8892794376098418,0.856175972927242,0.8724137931034482,0.875,0.8513513513513513,0.863013698630137,0.00768001210027236,0.009400094473311249,-0.0003876010347481449,500
strategy,S3,,cv_fold,4,42,z-score,adam,0.0005,30,0.0,500,5102,1274,0.822359074177285,0.0053719573792039696,0.00568424128794361,0.952757424129456,0.9477018865963622,0.7825464949928469,0.9239864864864865,0.847405112316034,0.772972972972973,0.9727891156462585,0.8614457831325301,0.005055537533093735,-0.01404067081649607,0.00031228390873964083,500
scaler,S3,,cv_fold,0,42,none,adam,0.0005,30,0.0,500,5100,1276,1.0,0.2118774464058474,0.2152327093240924,0.5579411764705883,0.5579937304075235,0.11588235294117646,1.0,0.20769636267791247,0.11598746081504702,1.0,0.20786516853932582,-5.2553936935262335e-05,-0.0001688058614133514,0.0033552629182450056,500
scaler,S3,,cv_fold,1,42,none,adam,0.0005,30,0.0,500,5100,1276,1.0,0.2122865495700739,0.21359757912224686,0.5579411764705883,0.5579937304075235,0.11588235294117646,1.0,0.20769636267791247,0.11598746081504702,1.0,0.20786516853932582,-5.2553936935262335e-05,-0.0001688058614133514,0.0013110295521729654,500
scaler,S3,,cv_fold,2,42,none,adam,0.0005,30,0.0,500,5101,1275,1.0,0.21239161159134018,0.21317827689406862,0.5579298176828072,0.5580392156862745,0.11585963536561458,1.0,0.20765987350667606,0.11607843137254902,1.0,0.208011243851019,-0.00010939800346720929,-0.0003513703443429328,0.0007866653027284454,500
scaler,S3,,cv_fold,3,42,none,adam,0.0005,30,0.0,500,5101,1275,1.0,0.21276639244899404,0.21167885951768275,0.5579298176828072,0.5580392156862745,0.11585963536561458,1.0,0.20765987350667606,0.11607843137254902,1.0,0.208011243851019,-0.00010939800346720929,-0.0003513703443429328,-0.0010875329313112803,500
scaler,S3,,cv_fold,4,42,none,adam,0.0005,30,0.0,500,5102,1274,1.0,0.21342224558653702,0.20905150454070015,0.558016464131713,0.5576923076923077,0.11603292826342611,1.0,0.20793818054092028,0.11538461538461539,1.0,0.20689655172413793,0.0003241564394053098,0.0010416288167823529,-0.004370741045836873,500
scaler,S3,,cv_fold,0,42,z-score,adam,0.0005,30,0.0,500,5100,1276,0.8802950335225752,0.005363006262152954,0.0057014006183229255,0.9509492559186833,0.956080736023397,0.8561872909698997,0.8663282571912013,0.8612279226240538,0.8993288590604027,0.9054054054054054,0.9023569023569022,-0.005131480104713759,-0.04112897973284846,0.00033839435616997166,500
scaler,S3,,cv_fold,1,42,z-score,adam,0.0005,30,0.0,500,5100,1276,0.8871651356622378,0.005330886008796272,0.005825973288868957,0.9512028315325289,0.9503544253049593,0.8689075630252101,0.8747884940778342,0.8718381112984822,0.900709219858156,0.8581081081081081,0.8788927335640139,0.0008484062275696536,-0.007054622265531663,0.0004950872800726855,500
scaler,S3,,cv_fold,2,42,z-score,adam,0.0005,30,0.0,500,5101,1275,0.9347536543173034,0.005532764529558163,0.0050064687943000355,0.9496187805156755,0.954058679433882,0.9272727272727272,0.7766497461928934,0.8453038674033149,0.96,0.8108108108108109,0.8791208791208791,-0.0044398989182065085,-0.03381701171756424,-0.0005262957352581274,500
scaler,S3,,cv_fold,3,42,z-score,adam,0.0005,30,0.0,500,5101,1275,0.8929900886971138,0.005504892711683262,0.005117291676935117,0.9523967128879814,0.9447167007877091,0.8892794376098418,0.856175972927242,0.8724137931034482,0.875,0.8513513513513513,0.863013698630137,0.00768001210027236,0.009400094473311249,-0.0003876010347481449,500
scaler,S3,,cv_fold,4,42,z-score,adam,0.0005,30,0.0,500,5102,1274,0.822359074177285,0.0053719573792039696,0.00568424128794361,0.952757424129456,0.9477018865963622,0.7825464949928469,0.9239864864864865,0.847405112316034,0.772972972972973,0.9727891156462585,0.8614457831325301,0.005055537533093735,-0.01404067081649607,0.00031228390873964083,500
scaler,S3,,cv_fold,0,42,min-max,adam,0.0005,30,0.0,500,5100,1276,0.8769928418529453,0.005364474993222178,0.005707668093680212,0.9512344114899642,0.9566695653181754,0.8519134775374376,0.8663282571912013,0.8590604026845637,0.8993288590604027,0.9054054054054054,0.9023569023569022,-0.005435153828211137,-0.043296499672338506,0.0003431931004580337,500
scaler,S3,,cv_fold,1,42,min-max,adam,0.0005,30,0.0,500,5100,1276,0.8838781163046161,0.005332636161062045,0.00582085580836608,0.9516594657156242,0.9508495437156241,0.8691275167785235,0.8764805414551607,0.8727885425442291,0.900709219858156,0.8581081081081081,0.8788927335640139,0.000809922000000074,-0.006104191019784766,0.00048821964730403483,500
scaler,S3,,cv_fold,2,42,min-max,adam,0.0005,30,0.0,500,5101,1275,0.9272926266334307,0.005535120565258017,0.005002589828578276,0.9501078046032824,0.9547837187939778,0.9173228346456693,0.7884940778341794,0.8480436760691539,0.952755905511811,0.8175675675675675,0.88,-0.004675914190695463,-0.03195632393084613,-0.0005325307366797405,500
scaler,S3,,cv_fold,3,42,min-max,adam,0.0005,30,0.0,500,5101,1275,0.8801414257810185,0.005507192651914187,0.005122892418099733,0.9528687592501734,0.9449876471175956,0.8760611205432938,0.8730964467005076,0.8745762711864407,0.8648648648648649,0.8648648648648649,0.8648648648648649,0.007881112132577806,0.009711406321575744,-0.00038430023381445366,500
scaler,S3,,cv_fold,4,42,min-max,adam,0.0005,30,0.0,500,5102,1274,0.8203329095123366,0.005371993338906054,0.005690963237207436,0.9529035000836454,0.9476602276060088,0.7817403708987162,0.9256756756756757,0.8476411446249034,0.772972972972973,0.9727891156462585,0.8614457831325301,0.0052432724776366735,-0.013804638507626699,0.0003189698983013826,500
optimizer_screening,S3,,cv_fold,0,42,min-max,gd,0.0001,32,0.0,500,5100,1276,0.4747212220722489,0.04112084716452635,0.04230867883790451,0.7262071888722862,0.7190322149140911,0.6098981077147017,0.7089678510998308,0.6557120500782474,0.5647668393782384,0.7364864864864865,0.6392961876832844,0.007174973958195108,0.016415862394962955,0.001187831673378159,500
optimizer_screening,S3,,cv_fold,1,42,min-max,gd,0.0001,32,0.0,500,5100,1276,0.4748031672362233,0.041525436795766986,0.04083358609708246,0.7211061124412029,0.7018983334606776,0.5815899581589958,0.7055837563451777,0.6376146788990825,0.6272189349112426,0.7162162162162162,0.668769716088328,0.01920777898052528,-0.031155037189245505,-0.0006918506986845277,500
optimizer_screening,S3,,cv_fold,2,42,min-max,gd,0.0001,32,0.0,500,5101,1275,0.47835989137748863,0.04165285311290297,0.04038823956513096,0.7167929847459927,0.7171800309966306,0.6537753222836096,0.6006768189509306,0.6261022927689595,0.684931506849315,0.6756756756756757,0.6802721088435374,-0.0003870462506379013,-0.05416981607457794,-0.001264613547772006,500
optimizer_screening,S3,,cv_fold,3,42,min-max,gd,0.0001,32,0.0,500,5101,1275,0.4799038802030431,0.04131868663907284,0.04150896459550185,0.7147843315628856,0.6971024687547216,0.6993736951983298,0.5668358714043993,0.6261682242990654,0.7567567567567568,0.5675675675675675,0.6486486486486487,0.017681862808163973,-0.022480424349583306,0.00019027795642901496,500
optimizer_screening,S3,,cv_fold,4,42,min-max,gd,0.0001,32,0.0,500,5102,1274,0.47826565074681915,0.04123921457656274,0.04185825103315714,0.7020805813033855,0.7467319342767494,0.6798418972332015,0.581081081081081,0.6265938069216758,0.7014925373134329,0.6394557823129252,0.6690391459074734,-0.04465135297336398,-0.04244533898579761,0.0006190364565944045,500
optimizer_screening,S3,,cv_fold,0,42,min-max,adam,0.0001,32,0.0,500,5100,1276,0.7856217314303873,0.00895296583197688,0.009251927569428768,0.9555607524230946,0.9487955802887699,0.9419475655430711,0.8510998307952623,0.8942222222222223,0.9694656488549618,0.8581081081081081,0.9103942652329748,0.006765172134324704,-0.01617204301075259,0.0002989617374518881,500
optimizer_screening,S3,,cv_fold,1,42,min-max,adam,0.0001,32,0.0,500,5100,1276,0.7846888579495733,0.008988233913698363,0.009049258986445284,0.9546159544743348,0.9504721607603079,0.937037037037037,0.856175972927242,0.8947833775419983,0.976,0.8243243243243243,0.8937728937728938,0.004143793714026844,0.0010104837691045088,6.102507274692061e-05,500
optimizer_screening,S3,,cv_fold,2,42,min-max,adam,0.0001,32,0.0,500,5101,1275,0.7964606824342267,0.009183779761427428,0.008312639134293464,0.9509473267580134,0.9626671987882827,0.9624505928853755,0.8240270727580372,0.8878760255241568,0.9552238805970149,0.8648648648648649,0.9078014184397162,-0.011719872030269252,-0.019925392915559392,-0.000871140627133964,500
optimizer_screening,S3,,cv_fold,3,42,min-max,adam,0.0001,32,0.0,500,5101,1275,0.822599024136062,0.009084783259681815,0.00885489530023207,0.9564583425661586,0.9450104129121355,0.9794661190965093,0.8071065989847716,0.8849721706864565,0.9754098360655737,0.8040540540540541,0.8814814814814814,0.011447929654023081,0.0034906892049750837,-0.00022988795944974515,500
optimizer_screening,S3,,cv_fold,4,42,min-max,adam,0.0001,32,0.0,500,5102,1274,0.759819582349466,0.008324010910962283,0.009263872494707611,0.9544442276615502,0.9597428158976758,0.8835616438356164,0.8716216216216216,0.8775510204081631,0.9172413793103448,0.9047619047619048,0.910958904109589,-0.005298588236125612,-0.03340788370142589,0.0009398615837453283,500
batch_lr_joint,S3,E1,cv_fold,0,42,min-max,adam,1.25e-05,4,0.0,500,5100,1276,0.7342681172262128,0.011693683589706681,0.011998582557731508,0.9524347239509744,0.9432163081111644,0.9653846153846154,0.8494077834179357,0.9036903690369036,0.9921259842519685,0.8513513513513513,0.9163636363636364,0.00921841583980998,-0.012673267326732796,0.0003048989680248266,500
batch_lr_joint,S3,E1,cv_fold,1,42,min-max,adam,1.25e-05,4,0.0,500,5100,1276,0.7163806951502265,0.01175080424379875,0.011638088657907662,0.9521567698300368,0.9436638535585644,0.9358974358974359,0.8646362098138748,0.8988566402814424,0.9763779527559056,0.8378378378378378,0.901818181818182,0.008492916271472417,-0.0029615415367395537,-0.00011271558589108846,500
batch_lr_joint,S3,E1,cv_fold,2,42,min-max,adam,1.25e-05,4,0.0,500,5101,1275,0.7520470906892083,0.011991279131347444,0.010814990818502124,0.9476313896725959,0.9613936760441238,0.9818913480885312,0.8257191201353637,0.8970588235294117,0.984375,0.8513513513513513,0.9130434782608695,-0.013762286371527988,-0.015984654731457826,-0.0011762883128453201,500
batch_lr_joint,S3,E1,cv_fold,3,42,min-max,adam,1.25e-05,4,0.0,500,5101,1275,0.7215337789479945,0.011799766761874678,0.011898373340172116,0.9526652152935605,0.9418406066341348,0.9570093457943926,0.8663282571912013,0.9094138543516874,0.96875,0.8378378378378378,0.8985507246376812,0.010824608659425694,0.01086312971400627,9.86065782974388e-05,500
batch_lr_joint,S3,E1,cv_fold,4,42,min-max,adam,1.25e-05,4,0.0,500,5102,1274,0.7363779693415746,0.01111533833248566,0.01218939791176921,0.9499336049371917,0.9617536784827952,0.9764243614931237,0.839527027027027,0.9028156221616711,0.9632352941176471,0.891156462585034,0.9257950530035336,-0.011820073545603549,-0.02297943084186249,0.0010740595792835504,500
batch_lr_joint,S3,E2,cv_fold,0,42,min-max,adam,5e-05,16,0.0,500,5100,1276,0.7831707967436577,0.009494702330268981,0.009790504678098947,0.9554872699396277,0.9478454162464949,0.9573643410852714,0.8358714043993232,0.8925022583559168,0.9920634920634921,0.8445945945945946,0.9124087591240876,0.007641853693132861,-0.0199065007681708,0.00029580234782996574,500
batch_lr_joint,S3,E2,cv_fold,1,42,min-max,adam,5e-05,16,0.0,500,5100,1276,0.7691561888545629,0.00953165927226969,0.009559684650876962,0.9546679777999996,0.9493375481854636,0.9442379182156134,0.8595600676818951,0.8999114260407441,0.968503937007874,0.831081081081081,0.8945454545454545,0.005330429614536003,0.005365971495289612,2.80253786072715e-05,500
batch_lr_joint,S3,E2,cv_fold,2,42,min-max,adam,5e-05,16,0.0,500,5101,1275,0.7656180245886268,0.00974111519435157,0.008795221342696637,0.9507814794771134,0.96299260273769,0.9380863039399625,0.8460236886632826,0.8896797153024911,0.9236111111111112,0.8986486486486487,0.9109589041095891,-0.012211123260576606,-0.021279188807098004,-0.0009458938516549321,500
batch_lr_joint,S3,E2,cv_fold,3,42,min-max,adam,5e-05,16,0.0,500,5101,1275,0.7909946819517327,0.009621848606054558,0.009472520765661362,0.956278236950173,0.9445584010732577,0.9722772277227723,0.8307952622673435,0.8959854014598538,0.975609756097561,0.8108108108108109,0.8856088560885609,0.011719835876915274,0.010376545371292956,-0.00014932784039319545,500
batch_lr_joint,S3,E2,cv_fold,4,42,min-max,adam,5e-05,16,0.0,500,5102,1274,0.7380491751286539,0.008878338794801396,0.009845432304569614,0.9540137209774784,0.9605319074640116,0.8802698145025295,0.8817567567567568,0.8810126582278482,0.9115646258503401,0.9115646258503401,0.9115646258503401,-0.0065181864865332395,-0.030551967622491905,0.0009670935097682177,500
batch_lr_joint,S3,E3,cv_fold,0,42,min-max,adam,0.0001,32,0.0,500,5100,1276,0.7856217314303873,0.00895296583197688,0.009251927569428768,0.9555607524230946,0.9487955802887699,0.9419475655430711,0.8510998307952623,0.8942222222222223,0.9694656488549618,0.8581081081081081,0.9103942652329748,0.006765172134324704,-0.01617204301075259,0.0002989617374518881,500
batch_lr_joint,S3,E3,cv_fold,1,42,min-max,adam,0.0001,32,0.0,500,5100,1276,0.7846888579495733,0.008988233913698363,0.009049258986445284,0.9546159544743348,0.9504721607603079,0.937037037037037,0.856175972927242,0.8947833775419983,0.976,0.8243243243243243,0.8937728937728938,0.004143793714026844,0.0010104837691045088,6.102507274692061e-05,500
batch_lr_joint,S3,E3,cv_fold,2,42,min-max,adam,0.0001,32,0.0,500,5101,1275,0.7964606824342267,0.009183779761427428,0.008312639134293464,0.9509473267580134,0.9626671987882827,0.9624505928853755,0.8240270727580372,0.8878760255241568,0.9552238805970149,0.8648648648648649,0.9078014184397162,-0.011719872030269252,-0.019925392915559392,-0.000871140627133964,500
batch_lr_joint,S3,E3,cv_fold,3,42,min-max,adam,0.0001,32,0.0,500,5101,1275,0.822599024136062,0.009084783259681815,0.00885489530023207,0.9564583425661586,0.9450104129121355,0.9794661190965093,0.8071065989847716,0.8849721706864565,0.9754098360655737,0.8040540540540541,0.8814814814814814,0.011447929654023081,0.0034906892049750837,-0.00022988795944974515,500
batch_lr_joint,S3,E3,cv_fold,4,42,min-max,adam,0.0001,32,0.0,500,5102,1274,0.759819582349466,0.008324010910962283,0.009263872494707611,0.9544442276615502,0.9597428158976758,0.8835616438356164,0.8716216216216216,0.8775510204081631,0.9172413793103448,0.9047619047619048,0.910958904109589,-0.005298588236125612,-0.03340788370142589,0.0009398615837453283,500
batch_lr_joint,S3,E4,cv_fold,0,42,min-max,adam,0.0002,128,0.0,500,5100,1276,0.7751660193608843,0.011648428927216589,0.01197285724556331,0.9466941814080256,0.9375313392331645,0.978,0.8274111675126904,0.8964252978918424,1.0,0.8378378378378378,0.911764705882353,0.009162842174861185,-0.01533940799051059,0.0003244283183467204,500
batch_lr_joint,S3,E4,cv_fold,1,42,min-max,adam,0.0002,128,0.0,500,5100,1276,0.7488002433429342,0.01174399939102616,0.011598176505954209,0.9471029342756743,0.9358382936943151,0.9548022598870056,0.8578680203045685,0.9037433155080214,0.9761904761904762,0.831081081081081,0.8978102189781021,0.01126464058135912,0.005933096529919357,-0.0001458228850719518,500
batch_lr_joint,S3,E4,cv_fold,2,42,min-max,adam,0.0002,128,0.0,500,5101,1275,0.7573163425615,0.011924651964008593,0.010842558435238367,0.9414057166219747,0.9568140799511452,0.96875,0.8392554991539763,0.899365367180417,0.9621212121212122,0.8581081081081081,0.9071428571428571,-0.015408363329170505,-0.007777489962440098,-0.0010820935287702265,500
batch_lr_joint,S3,E4,cv_fold,3,42,min-max,adam,0.0002,128,0.0,500,5101,1275,0.745850112369495,0.011751667953057003,0.011734094899244827,0.9471491109154132,0.9368882882258983,0.9585687382297552,0.8612521150592216,0.9073083778966132,0.9612403100775194,0.8378378378378378,0.8953068592057762,0.010260822689514892,0.012001518690836988,-1.757305381217683e-05,500
batch_lr_joint,S3,E4,cv_fold,4,42,min-max,adam,0.0002,128,0.0,500,5102,1274,0.7400318212692226,0.011092705697685567,0.012232547827288385,0.9439793879535441,0.9573873934537984,0.943609022556391,0.847972972972973,0.8932384341637011,0.9492753623188406,0.891156462585034,0.919298245614035,-0.013408005500254339,-0.02605981145033387,0.0011398421296028183,500
batch_lr_joint,S3,E5,cv_fold,0,42,min-max,adam,0.0004,512,0.0,500,5100,1276,0.6717143186792507,0.0165901589945873,0.01704523493282583,0.9392493047319563,0.9281646267790086,0.9766536964980544,0.8494077834179357,0.9085972850678732,0.9844961240310077,0.8581081081081081,0.9169675090252708,0.011084677952947763,-0.008370223957397616,0.00045507593823853124,500
batch_lr_joint,S3,E5,cv_fold,1,42,min-max,adam,0.0004,512,0.0,500,5100,1276,0.6419932169671506,0.016799230169953893,0.01637011833802903,0.939945556357807,0.925073240499608,0.9243243243243243,0.868020304568528,0.8952879581151832,0.9481481481481482,0.8648648648648649,0.9045936395759717,0.014872315858198926,-0.009305681460788473,-0.0004291118319248617,500
batch_lr_joint,S3,E5,cv_fold,2,42,min-max,adam,0.0004,512,0.0,500,5101,1275,0.6917481688468068,0.016993404360412072,0.015491828851799044,0.9344680847093805,0.94707019479075,0.988,0.8358714043993232,0.9055912007332722,0.9921875,0.8581081081081081,0.9202898550724637,-0.012602110081369577,-0.014698654339191597,-0.0015015755086130282,500
batch_lr_joint,S3,E5,cv_fold,3,42,min-max,adam,0.0004,512,0.0,500,5101,1275,0.6560134996781728,0.016640508405908812,0.017097836344698657,0.9386770909494035,0.930240544116833,0.9606003752345216,0.8663282571912013,0.9110320284697508,0.984251968503937,0.8445945945945946,0.9090909090909091,0.008436546832570557,0.0019411193788417824,0.0004573279387898449,500
batch_lr_joint,S3,E5,cv_fold,4,42,min-max,adam,0.0004,512,0.0,500,5102,1274,0.6760441700927022,0.01625820738728236,0.017498052293449588,0.9341752227918575,0.9544777549220853,0.9841584158415841,0.839527027027027,0.9061075660893344,0.9774436090225563,0.8843537414965986,0.9285714285714285,-0.020302532130227813,-0.022463862482094088,0.0012398449061672284,500
seed_selection,S3,,cv_fold,0,0,min-max,adam,0.0001,32,0.0,500,5100,1276,0.7857003114009959,0.008899848271198343,0.009199104313839673,0.9557940351948572,0.9495837126630707,0.9419475655430711,0.8510998307952623,0.8942222222222223,0.9694656488549618,0.8581081081081081,0.9103942652329748,0.0062103225317864386,-0.01617204301075259,0.0002992560426413292,500
seed_selection,S3,,cv_fold,1,0,min-max,adam,0.0001,32,0.0,500,5100,1276,0.7838875485141369,0.008941516674890787,0.009003353541870271,0.954853466969672,0.9508068169091428,0.937037037037037,0.856175972927242,0.8947833775419983,0.9609375,0.831081081081081,0.8913043478260869,0.004046650060529178,0.003479029715911408,6.183686697948387e-05,500
seed_selection,S3,,cv_fold,2,0,min-max,adam,0.0001,32,0.0,500,5101,1275,0.7966536846974644,0.009137755720105079,0.008271598781786706,0.9512317771985839,0.96253115465668,0.9606299212598425,0.8257191201353637,0.8880800727934485,0.9552238805970149,0.8648648648648649,0.9078014184397162,-0.011299377458096171,-0.019721345646267707,-0.0008661569383183725,500
seed_selection,S3,,cv_fold,3,0,min-max,adam,0.0001,32,0.0,500,5101,1275,0.8226631840601734,0.00904216388218499,0.008812997025865264,0.9566790585371556,0.9448411105039269,0.9794661190965093,0.8071065989847716,0.8849721706864565,0.9754098360655737,0.8040540540540541,0.8814814814814814,0.011837948033228685,0.0034906892049750837,-0.00022916685631972633,500
seed_selection,S3,,cv_fold,4,0,min-max,adam,0.0001,32,0.0,500,5102,1274,0.7599682793522434,0.008264959224639738,0.009190340307676402,0.9547355970028504,0.9597468879833403,0.8850771869639794,0.8716216216216216,0.8782978723404254,0.9172413793103448,0.9047619047619048,0.910958904109589,-0.005011290980489913,-0.03266103176916357,0.0009253810830366638,500
seed_selection,S3,,cv_fold,0,1,min-max,adam,0.0001,32,0.0,500,5100,1276,0.785782480478914,0.008842653808417329,0.009144038969572527,0.9560556258294083,0.9500192744719066,0.9419475655430711,0.8510998307952623,0.8942222222222223,0.9694656488549618,0.8581081081081081,0.9103942652329748,0.00603635135750169,-0.01617204301075259,0.00030138516115519806,500
seed_selection,S3,,cv_fold,1,1,min-max,adam,0.0001,32,0.0,500,5100,1276,0.7831620949065161,0.008879356421663945,0.00894078850761637,0.9550955672659801,0.9510478416308253,0.9354243542435424,0.8578680203045685,0.8949691085613416,0.9609375,0.831081081081081,0.8913043478260869,0.004047725635154764,0.0036647607352546796,6.143208595242589e-05,500
seed_selection,S3,,cv_fold,2,1,min-max,adam,0.0001,32,0.0,500,5101,1275,0.7616006145797101,0.009075375019502327,0.008214123884685998,0.9515922376938625,0.9626054862841114,0.9026548672566371,0.8629441624365483,0.8823529411764706,0.8947368421052632,0.918918918918919,0.9066666666666667,-0.01101324859024888,-0.02431372549019617,-0.0008612511348163286,500
seed_selection,S3,,cv_fold,3,1,min-max,adam,0.0001,32,0.0,500,5101,1275,0.8259936100660745,0.008983850371489662,0.008756776753543328,0.9570086942415236,0.9452209297290325,0.979381443298969,0.8037225042301185,0.8828996282527881,0.9754098360655737,0.8040540540540541,0.8814814814814814,0.011787764512491083,0.0014181467713066942,-0.00022707361794633424,500
seed_selection,S3,,cv_fold,4,1,min-max,adam,0.0001,32,0.0,500,5102,1274,0.7600092617446443,0.008219787433300634,0.009137113177706166,0.9550634198862941,0.9597338255582982,0.8865979381443299,0.8716216216216216,0.879045996592845,0.9172413793103448,0.9047619047619048,0.910958904109589,-0.004670405672004163,-0.03191290751674403,0.0009173257444055321,500
seed_selection,S3,,cv_fold,0,2,min-max,adam,0.0001,32,0.0,500,5100,1276,0.7846478177545678,0.00893868042472344,0.009243343841427068,0.9557350219606315,0.9494721312246079,0.9420560747663551,0.8527918781725888,0.8952042628774421,0.9694656488549618,0.8581081081081081,0.9103942652329748,0.006262890736023596,-0.015190002355532695,0.00030466341670362836,500
seed_selection,S3,,cv_fold,1,2,min-max,adam,0.0001,32,0.0,500,5100,1276,0.7839433675789433,0.008971977948434528,0.009024027585926468,0.9548390456503539,0.9513852759744522,0.9405204460966543,0.856175972927242,0.8963684676705049,0.9761904761904762,0.831081081081081,0.8978102189781021,0.003453769675901719,-0.001441751307597161,5.204963749193964e-05,500
seed_selection,S3,,cv_fold,2,2,min-max,adam,0.0001,32,0.0,500,5101,1275,0.7955158206920582,0.009163599563038506,0.008295695896468459,0.9512540240559146,0.9626542383963462,0.9587426326129665,0.8257191201353637,0.8872727272727273,0.9552238805970149,0.8648648648648649,0.9078014184397162,-0.011400214340431591,-0.020528691166988855,-0.0008679036665700472,500
seed_selection,S3,,cv_fold,3,2,min-max,adam,0.0001,32,0.0,500,5101,1275,0.8227443574872867,0.009064963775012933,0.008842343898198688,0.9566744372293289,0.9450628862832879,0.9794661190965093,0.8071065989847716,0.8849721706864565,0.9754098360655737,0.8040540540540541,0.8814814814814814,0.011611550946040938,0.0034906892049750837,-0.00022261987681424476,500
seed_selection,S3,,cv_fold,4,2,min-max,adam,0.0001,32,0.0,500,5102,1274,0.7600640292397207,0.008298547419125876,0.009223243414154182,0.9547212419974873,0.9599203276254813,0.8896551724137931,0.8716216216216216,0.8805460750853241,0.9172413793103448,0.9047619047619048,0.910958904109589,-0.005199085627993982,-0.030412829024264898,0.000924695995028306,500
seed_selection,S3,,cv_fold,0,3,min-max,adam,0.0001,32,0.0,500,5100,1276,0.7837331663848557,0.009042439170549605,0.009346626243340019,0.9551309957479995,0.9486315699296503,0.9401869158878504,0.8510998307952623,0.8934280639431618,0.9694656488549618,0.8581081081081081,0.9103942652329748,0.00649942581834928,-0.016966201289813077,0.0003041870727904135,500
seed_selection,S3,,cv_fold,1,3,min-max,adam,0.0001,32,0.0,500,5100,1276,0.7840219446539212,0.009081812863973006,0.009127759052279248,0.9542509294104071,0.9500687878325621,0.9387755102040817,0.856175972927242,0.8955752212389382,0.9761904761904762,0.831081081081081,0.8978102189781021,0.004182141577845022,-0.002234997739163913,4.594618830624196e-05,500
seed_selection,S3,,cv_fold,2,3,min-max,adam,0.0001,32,0.0,500,5101,1275,0.7766041095451077,0.009280425021029319,0.008404911628799049,0.9504006353230235,0.9626108170284331,0.9277777777777778,0.8477157360406091,0.8859416445623343,0.9230769230769231,0.8918918918918919,0.9072164948453608,-0.01221018170540955,-0.02127485028302656,-0.0008755133922302705,500
seed_selection,S3,,cv_fold,3,3,min-max,adam,0.0001,32,0.0,500,5101,1275,0.8094998651613059,0.009184186907459268,0.008958720163583775,0.9560323931145985,0.94418807444307,0.9718875502008032,0.8189509306260575,0.888888888888889,0.967741935483871,0.8108108108108109,0.8823529411764706,0.011844318671528575,0.0065359477124183885,-0.000225466743875493,500
seed_selection,S3,,cv_fold,4,3,min-max,adam,0.0001,32,0.0,500,5102,1274,0.7597578433697986,0.008415896262309302,0.009361642437297386,0.9539459971649595,0.9593675284892221,0.8850771869639794,0.8716216216216216,0.8782978723404254,0.9172413793103448,0.9047619047619048,0.910958904109589,-0.005421531324262596,-0.03266103176916357,0.0009457461749880838,500
seed_selection,S3,,cv_fold,0,4,min-max,adam,0.0001,32,0.0,500,5100,1276,0.7856926708501136,0.008905427487150064,0.009199171171426471,0.9557522995689307,0.9496515905139846,0.9419475655430711,0.8510998307952623,0.8942222222222223,0.9694656488549618,0.8581081081081081,0.9103942652329748,0.006100709054946085,-0.01617204301075259,0.0002937436842764072,500
seed_selection,S3,,cv_fold,1,4,min-max,adam,0.0001,32,0.0,500,5100,1276,0.7869621342143455,0.008940360102773338,0.009008911741037622,0.9548003822114145,0.9506766849088947,0.9421641791044776,0.8544839255499154,0.8961845607808341,0.9758064516129032,0.8175675675675675,0.8897058823529411,0.004123697302519824,0.006478678427892959,6.855163826428347e-05,500
seed_selection,S3,,cv_fold,2,4,min-max,adam,0.0001,32,0.0,500,5101,1275,0.7970273503976019,0.009136143130333221,0.008266871722768028,0.9511369434687944,0.9626311822682831,0.9606299212598425,0.8257191201353637,0.8880800727934485,0.9552238805970149,0.8648648648648649,0.9078014184397162,-0.011494238799488743,-0.019721345646267707,-0.000869271407565193,500
seed_selection,S3,,cv_fold,3,4,min-max,adam,0.0001,32,0.0,500,5101,1275,0.8226291858573995,0.00903646154240602,0.008804430393530247,0.9566470627168958,0.9451556194227351,0.9794661190965093,0.8071065989847716,0.8849721706864565,0.9754098360655737,0.8040540540540541,0.8814814814814814,0.011491443294160741,0.0034906892049750837,-0.00023203114887577342,500
seed_selection,S3,,cv_fold,4,4,min-max,adam,0.0001,32,0.0,500,5102,1274,0.7829607880347501,0.008273138706209356,0.009206781527020884,0.9546441993527861,0.959571797712402,0.9297597042513863,0.8496621621621622,0.8879082082965578,0.935251798561151,0.8843537414965986,0.909090909090909,-0.00492759835961587,-0.02118270079435114,0.0009336428208115283,500
final_test,S3,E3,fixed_test,0,1,min-max,adam,0.0001,32,0.0,500,6376,1124,0.7833096123551718,0.007939609736517096,0.007872854006985123,0.9570925237390954,0.9631659047274505,,,,0.8769230769230769,0.8769230769230769,0.8769230769230769,-0.0060733809883550816,,-6.675572953197297e-05,500
